<application>
  <component name="LocalDatabaseDriverManager" version="201">
    <driver id="h2.unified">
      <artifact id="H2" name="H2" use="true" version="1.4.200" />
    </driver>
    <driver id="mongo">
      <artifact id="MongoDB" name="MongoDB" use="true" version="1.15" />
    </driver>
    <driver id="sqlserver.ms">
      <artifact id="SQL Server" name="SQL Server" channel="fixed" rolling="false" use="true" version="9.4.0" />
    </driver>
    <driver id="sqlserver.jtds">
      <artifact />
      <artifact id="jTDS SQL Server and Sybase" name="jTDS SQL Server and Sybase" use="true" version="1.3.1.1" />
    </driver>
    <driver id="mysql.8">
      <artifact />
      <artifact id="MySQL ConnectorJ" name="MySQL ConnectorJ" use="true" version="8.0.25" />
    </driver>
    <driver id="postgresql">
      <artifact id="PostgreSQL" name="PostgreSQL" use="true" version="42.2.5" />
    </driver>
  </component>
</application>