<application>
  <component name="UISettings">
    <option name="EDITOR_AA_TYPE" value="Greyscale" />
    <option name="HIDE_TOOL_STRIPES" value="true" />
    <option name="IDE_AA_TYPE" value="Greyscale" />
    <option name="MAX_LOOKUP_LIST_HEIGHT" value="22" />
    <option name="MAX_LOOKUP_WIDTH2" value="731" />
    <option name="OVERRIDE_NONIDEA_LAF_FONTS" value="true" />
    <option name="SHOW_MAIN_TOOLBAR" value="true" />
    <option name="SHOW_NAVIGATION_BAR" value="false" />
  </component>
</application>